"created_at","name","email","country_code","mobile_without_country_code","company","city","state","country","lead_owner","crm_status","crm_note","data_source","possession_time","description"
"2026-05-01 09:00:00","José Alvarez","user0@example.com","+1","5556600013","Company-21","Kolkata","West Bengal","India","owner6@crm.com","SALE_DONE","Status Remark: Sale completed yesterday. Alt Emails: alt0@mail.com. Extra Details: Customer asked for brochure. Has another email second0@mail.com Extra mobile +44 7700747904","meridian_tower","Immediate","Customer asked for brochure. Has another email second0@mail.com Extra mobile +44 7700747904"
"2026-05-01 12:00:00","Müller Klein","user1@example.com","+91","9860900553","Company-15","Dubai","","UAE","owner8@crm.com","DID_NOT_CONNECT","Status Remark: Didn't answer after 3 calls. Extra Details: Customer asked for brochure.","leads_on_demand","6 Months","Customer asked for brochure."
"2026-05-01 15:00:00","Sarah Johnson","user2@example.com","+91","9845148822","Company-31","Bangalore","Karnataka","India","owner1@crm.com","BAD_LEAD","Status Remark: Budget issue. Extra Details: Customer asked for brochure.","","","Customer asked for brochure."
"2026-05-01 18:00:00","Priya Nair","user3@example.com","+91","9897514290","Company-20","Bangalore","Karnataka","India","owner4@crm.com","BAD_LEAD","Status Remark: Budget issue. Extra Details: Customer asked for brochure.","","Dec 2026","Customer asked for brochure."
"2026-05-01 21:00:00","John Doe","user4@example.com","+91","9835561768","Company-32","Kolkata","West Bengal","India","owner4@crm.com","SALE_DONE","Status Remark: Sale completed yesterday. Extra Details: Customer asked for brochure.","leads_on_demand","Immediate","Customer asked for brochure."
"2026-05-02 00:00:00","Li Wei","user5@example.com","+91","9829132344","Company-21","Dubai","","UAE","owner5@crm.com","SALE_DONE","Status Remark: Sale completed yesterday. Extra Details: Customer asked for brochure.","varah_swamy","Dec 2026","Customer asked for brochure."
"2026-05-02 03:00:00","Ananya Sen","user6@example.com","+91","9828847581","Company-5","Dubai","","UAE","owner1@crm.com","BAD_LEAD","Status Remark: Budget issue. Extra Details: Customer asked for brochure.","eden_park","Dec 2026","Customer asked for brochure."
"2026-05-02 06:00:00","Aisha Khan","user7@example.com","+91","9861771622","Company-26","Dubai","","UAE","owner8@crm.com","BAD_LEAD","Status Remark: Budget issue. Extra Details: Customer asked for brochure.","","3 Months","Customer asked for brochure."
"2026-05-02 09:00:00","Aisha Khan","user8@example.com","+91","9890911518","Company-25","Bangalore","Karnataka","India","owner7@crm.com","BAD_LEAD","Status Remark: Budget issue. Extra Details: Customer asked for brochure.","","Dec 2026","Customer asked for brochure."
"2026-05-02 12:00:00","Ananya Sen","user9@example.com","+91","9868324971","Company-25","Mumbai","Maharashtra","India","owner3@crm.com","DID_NOT_CONNECT","Status Remark: Didn't answer after 3 calls. Extra Details: Customer asked for brochure. Has another email second9@mail.com","","","Customer asked for brochure. Has another email second9@mail.com"
"2026-05-02 15:00:00","Ananya Sen","user10@example.com","+91","9838880694","Company-3","London","","UK","owner7@crm.com","GOOD_LEAD_FOLLOW_UP","Status Remark: Interested, follow up next week. Extra Details: Customer asked for brochure. Extra mobile +44 7700977412","","6 Months","Customer asked for brochure. Extra mobile +44 7700977412"
"2026-05-02 18:00:00","Rahul Verma","","+91","9853818942","Company-21","Dubai","","UAE","owner8@crm.com","GOOD_LEAD_FOLLOW_UP","Status Remark: Interested, follow up next week. Extra Details: Customer asked for brochure.","leads_on_demand","Immediate","Customer asked for brochure."
"2026-05-02 21:00:00","Emma Brown","user12@example.com","+91","9821566567","Company-39","Dubai","","UAE","owner3@crm.com","BAD_LEAD","Status Remark: Budget issue. Extra Details: Customer asked for brochure.","eden_park","3 Months","Customer asked for brochure."
"2026-05-03 00:00:00","Emma Brown","user13@example.com","","","Company-19","Mumbai","Maharashtra","India","owner4@crm.com","SALE_DONE","Status Remark: Sale completed yesterday. Extra Details: Customer asked for brochure.","eden_park","Immediate","Customer asked for brochure."
"2026-05-03 03:00:00","Müller Klein","user14@example.com","+91","9885417341","Company-2","Bangalore","Karnataka","India","owner6@crm.com","BAD_LEAD","Status Remark: Budget issue. Extra Details: Customer asked for brochure.","varah_swamy","3 Months","Customer asked for brochure."
"2026-05-03 06:00:00","Li Wei","user15@example.com","+91","9884641542","Company-33","London","","UK","owner7@crm.com","SALE_DONE","Status Remark: Sale completed yesterday. Extra Details: Customer asked for brochure.","sarjapur_plots","","Customer asked for brochure."
"2026-05-03 09:00:00","Emma Brown","user16@example.com","+91","9871695222","Company-13","Mumbai","Maharashtra","India","owner6@crm.com","BAD_LEAD","Status Remark: Budget issue. Extra Details: Customer asked for brochure.","varah_swamy","6 Months","Customer asked for brochure."
"2026-05-03 12:00:00","Sarah Johnson","user17@example.com","+91","9854320294","Company-3","Dubai","","UAE","owner1@crm.com","BAD_LEAD","Status Remark: Budget issue. Alt Emails: alt17@mail.com. Extra Details: Customer asked for brochure.","","3 Months","Customer asked for brochure."
"2026-05-03 15:00:00","José Alvarez","user18@example.com","+91","9851368899","Company-35","London","","UK","owner1@crm.com","SALE_DONE","Status Remark: Sale completed yesterday. Extra Details: Customer asked for brochure. Has another email second18@mail.com","","Immediate","Customer asked for brochure. Has another email second18@mail.com"
"2026-05-03 18:00:00","Sarah Johnson","user19@example.com","+91","9885401309","Company-34","London","","UK","owner6@crm.com","SALE_DONE","Status Remark: Sale completed yesterday. Other Phones: +1 5557168312. Extra Details: Customer asked for brochure.","sarjapur_plots","Immediate","Customer asked for brochure."
"2026-05-03 21:00:00","Li Wei","user20@example.com","+91","9826276588","Company-10","Dubai","","UAE","owner3@crm.com","DID_NOT_CONNECT","Status Remark: Didn't answer after 3 calls. Extra Details: Customer asked for brochure. Extra mobile +44 7700323959","sarjapur_plots","","Customer asked for brochure. Extra mobile +44 7700323959"
"2026-05-04 00:00:00","Müller Klein","user21@example.com","+91","9886153331","Company-40","Bangalore","Karnataka","India","owner4@crm.com","SALE_DONE","Status Remark: Sale completed yesterday. Extra Details: Customer asked for brochure.","sarjapur_plots","Dec 2026","Customer asked for brochure."
"2026-05-04 03:00:00","Müller Klein","","+91","9862539535","Company-8","Dubai","","UAE","owner8@crm.com","SALE_DONE","Status Remark: Sale completed yesterday. Extra Details: Customer asked for brochure.","sarjapur_plots","","Customer asked for brochure."
"2026-05-04 06:00:00","Müller Klein","user23@example.com","+91","9894738613","Company-6","Dubai","","UAE","owner2@crm.com","SALE_DONE","Status Remark: Sale completed yesterday. Extra Details: Customer asked for brochure.","sarjapur_plots","Dec 2026","Customer asked for brochure."
"2026-05-04 09:00:00","Priya Nair","user24@example.com","+91","9810314090","Company-19","Kolkata","West Bengal","India","owner2@crm.com","SALE_DONE","Status Remark: Sale completed yesterday. Extra Details: Customer asked for brochure.","eden_park","","Customer asked for brochure."
"2026-05-04 12:00:00","Aisha Khan","user25@example.com","+91","9852613369","Company-38","Kolkata","West Bengal","India","owner8@crm.com","DID_NOT_CONNECT","Status Remark: Didn't answer after 3 calls. Extra Details: Customer asked for brochure.","sarjapur_plots","3 Months","Customer asked for brochure."
"2026-05-04 15:00:00","Emma Brown","user26@example.com","","","Company-14","Bangalore","Karnataka","India","owner3@crm.com","GOOD_LEAD_FOLLOW_UP","Status Remark: Interested, follow up next week. Extra Details: Customer asked for brochure.","eden_park","","Customer asked for brochure."
"2026-05-04 18:00:00","Li Wei","user27@example.com","+91","9865125414","Company-34","London","","UK","owner7@crm.com","SALE_DONE","Status Remark: Sale completed yesterday. Extra Details: Customer asked for brochure. Has another email second27@mail.com","","6 Months","Customer asked for brochure. Has another email second27@mail.com"
"2026-05-04 21:00:00","Li Wei","user28@example.com","+91","9882954693","Company-35","Mumbai","Maharashtra","India","owner1@crm.com","DID_NOT_CONNECT","Status Remark: Didn't answer after 3 calls. Extra Details: Customer asked for brochure.","","Dec 2026","Customer asked for brochure."
"2026-05-05 00:00:00","Sarah Johnson","user29@example.com","+91","9820029063","Company-14","Kolkata","West Bengal","India","owner4@crm.com","SALE_DONE","Status Remark: Sale completed yesterday. Extra Details: Customer asked for brochure.","varah_swamy","3 Months","Customer asked for brochure."
"2026-05-05 03:00:00","Priya Nair","user30@example.com","+91","9816350865","Company-33","Bangalore","Karnataka","India","owner2@crm.com","DID_NOT_CONNECT","Status Remark: Didn't answer after 3 calls. Extra Details: Customer asked for brochure. Extra mobile +44 7700350492","eden_park","6 Months","Customer asked for brochure. Extra mobile +44 7700350492"
"2026-05-05 06:00:00","Emma Brown","user31@example.com","+91","9875647623","Company-33","Kolkata","West Bengal","India","owner7@crm.com","SALE_DONE","Status Remark: Sale completed yesterday. Extra Details: Customer asked for brochure.","varah_swamy","Dec 2026","Customer asked for brochure."
"2026-05-05 09:00:00","Emma Brown","user32@example.com","+91","9814733685","Company-39","Kolkata","West Bengal","India","owner6@crm.com","DID_NOT_CONNECT","Status Remark: Didn't answer after 3 calls. Extra Details: Customer asked for brochure.","sarjapur_plots","","Customer asked for brochure."
"2026-05-05 12:00:00","John Doe","","+91","9824196601","Company-12","Bangalore","Karnataka","India","owner7@crm.com","GOOD_LEAD_FOLLOW_UP","Status Remark: Interested, follow up next week. Extra Details: Customer asked for brochure.","","Dec 2026","Customer asked for brochure."
"2026-05-05 15:00:00","Aisha Khan","user34@example.com","+91","9827580033","Company-3","Dubai","","UAE","owner8@crm.com","SALE_DONE","Status Remark: Sale completed yesterday. Alt Emails: alt34@mail.com. Extra Details: Customer asked for brochure.","sarjapur_plots","Dec 2026","Customer asked for brochure."
"2026-05-05 18:00:00","Aisha Khan","user35@example.com","+91","9898622404","Company-20","Bangalore","Karnataka","India","owner3@crm.com","DID_NOT_CONNECT","Status Remark: Didn't answer after 3 calls. Extra Details: Customer asked for brochure.","eden_park","","Customer asked for brochure."
"2026-05-05 21:00:00","Ananya Sen","user36@example.com","+91","9840033615","Company-7","Kolkata","West Bengal","India","owner2@crm.com","BAD_LEAD","Status Remark: Budget issue. Extra Details: Customer asked for brochure. Has another email second36@mail.com","","3 Months","Customer asked for brochure. Has another email second36@mail.com"
"2026-05-06 00:00:00","Rahul Verma","user37@example.com","+91","9823615892","Company-40","Kolkata","West Bengal","India","owner6@crm.com","SALE_DONE","Status Remark: Sale completed yesterday. Extra Details: Customer asked for brochure.","","6 Months","Customer asked for brochure."
"2026-05-06 03:00:00","Sarah Johnson","user38@example.com","+91","9894598761","Company-19","Mumbai","Maharashtra","India","owner4@crm.com","GOOD_LEAD_FOLLOW_UP","Status Remark: Interested, follow up next week. Other Phones: +1 5558298295. Extra Details: Customer asked for brochure.","","Immediate","Customer asked for brochure."
"2026-05-06 06:00:00","Sarah Johnson","user39@example.com","","","Company-7","Dubai","","UAE","owner3@crm.com","DID_NOT_CONNECT","Status Remark: Didn't answer after 3 calls. Extra Details: Customer asked for brochure.","leads_on_demand","","Customer asked for brochure."
"2026-05-06 09:00:00","Aisha Khan","user40@example.com","+91","9884870608","Company-24","Bangalore","Karnataka","India","owner4@crm.com","DID_NOT_CONNECT","Status Remark: Didn't answer after 3 calls. Extra Details: Customer asked for brochure. Extra mobile +44 7700774489","leads_on_demand","6 Months","Customer asked for brochure. Extra mobile +44 7700774489"
"2026-05-06 12:00:00","Müller Klein","user41@example.com","+91","9854598120","Company-30","Mumbai","Maharashtra","India","owner3@crm.com","DID_NOT_CONNECT","Status Remark: Didn't answer after 3 calls. Extra Details: Customer asked for brochure.","meridian_tower","Dec 2026","Customer asked for brochure."
"2026-05-06 15:00:00","Müller Klein","user42@example.com","+91","9841618416","Company-6","Dubai","","UAE","owner4@crm.com","GOOD_LEAD_FOLLOW_UP","Status Remark: Interested, follow up next week. Extra Details: Customer asked for brochure.","meridian_tower","","Customer asked for brochure."
"2026-05-06 18:00:00","Priya Nair","user43@example.com","+91","9864269107","Company-16","Kolkata","West Bengal","India","owner3@crm.com","GOOD_LEAD_FOLLOW_UP","Status Remark: Interested, follow up next week. Extra Details: Customer asked for brochure.","meridian_tower","3 Months","Customer asked for brochure."
"2026-05-06 21:00:00","José Alvarez","","+91","9879134830","Company-32","Kolkata","West Bengal","India","owner3@crm.com","SALE_DONE","Status Remark: Sale completed yesterday. Extra Details: Customer asked for brochure.","leads_on_demand","6 Months","Customer asked for brochure."
"2026-05-07 00:00:00","Ananya Sen","user45@example.com","+91","9887237106","Company-20","Bangalore","Karnataka","India","owner4@crm.com","BAD_LEAD","Status Remark: Budget issue. Extra Details: Customer asked for brochure. Has another email second45@mail.com","eden_park","Immediate","Customer asked for brochure. Has another email second45@mail.com"
"2026-05-07 03:00:00","John Doe","user46@example.com","+91","9863405750","Company-24","Bangalore","Karnataka","India","owner8@crm.com","SALE_DONE","Status Remark: Sale completed yesterday. Extra Details: Customer asked for brochure.","","6 Months","Customer asked for brochure."
"2026-05-07 06:00:00","John Doe","user47@example.com","+91","9833871516","Company-9","Bangalore","Karnataka","India","owner3@crm.com","BAD_LEAD","Status Remark: Budget issue. Extra Details: Customer asked for brochure.","sarjapur_plots","Dec 2026","Customer asked for brochure."
"2026-05-07 09:00:00","Müller Klein","user48@example.com","+91","9860678471","Company-2","Bangalore","Karnataka","India","owner6@crm.com","GOOD_LEAD_FOLLOW_UP","Status Remark: Interested, follow up next week. Extra Details: Customer asked for brochure.","sarjapur_plots","3 Months","Customer asked for brochure."
"2026-05-07 12:00:00","Li Wei","user49@example.com","+91","9817436987","Company-36","Bangalore","Karnataka","India","owner3@crm.com","SALE_DONE","Status Remark: Sale completed yesterday. Extra Details: Customer asked for brochure.","varah_swamy","6 Months","Customer asked for brochure."
"2026-05-07 15:00:00","José Alvarez","user50@example.com","+91","9822901373","Company-17","Dubai","","UAE","owner5@crm.com","BAD_LEAD","Status Remark: Budget issue
Extra mobile: +44 7700244810","leads_on_demand","Immediate","Customer asked for brochure."
"2026-05-07 18:00:00","John Doe","user51@example.com","+91","9859796247","Company-21","Mumbai","Maharashtra","India","owner8@crm.com","BAD_LEAD","Status Remark: Budget issue
Alt Emails: alt51@mail.com","sarjapur_plots","Dec 2026","Customer asked for brochure."
"2026-05-07 21:00:00","Ananya Sen","user52@example.com","","","Company-3","Dubai","","UAE","owner2@crm.com","SALE_DONE","Status Remark: Sale completed yesterday","sarjapur_plots","Immediate","Customer asked for brochure."
"2026-05-08 00:00:00","Aisha Khan","user53@example.com","+91","9866249238","Company-10","Mumbai","Maharashtra","India","owner4@crm.com","SALE_DONE","Status Remark: Sale completed yesterday","","3 Months","Customer asked for brochure."
"2026-05-08 03:00:00","Li Wei","user54@example.com","+91","9889101058","Company-12","London","","UK","owner8@crm.com","GOOD_LEAD_FOLLOW_UP","Status Remark: Interested, follow up next week
Extra Email: second54@mail.com","varah_swamy","Immediate","Customer asked for brochure."
"2026-05-08 06:00:00","John Doe","","+91","9866788577","Company-24","Mumbai","Maharashtra","India","owner4@crm.com","DID_NOT_CONNECT","Status Remark: Didn't answer after 3 calls","sarjapur_plots","Dec 2026","Customer asked for brochure."
"2026-05-08 09:00:00","Emma Brown","user56@example.com","+91","9859452321","Company-35","Dubai","","UAE","owner7@crm.com","DID_NOT_CONNECT","Status Remark: Didn't answer after 3 calls","leads_on_demand","Dec 2026","Customer asked for brochure."
"2026-05-08 12:00:00","Li Wei","user57@example.com","+91","9884670824","Company-31","Bangalore","Karnataka","India","owner2@crm.com","DID_NOT_CONNECT","Status Remark: Didn't answer after 3 calls
Other Phones: +1 5556476020","","3 Months","Customer asked for brochure."
"2026-05-08 15:00:00","Ananya Sen","user58@example.com","+91","9876064656","Company-31","London","","UK","owner3@crm.com","BAD_LEAD","Status Remark: Budget issue","sarjapur_plots","Dec 2026","Customer asked for brochure."
"2026-05-08 18:00:00","Emma Brown","user59@example.com","+91","9824617779","Company-36","Mumbai","Maharashtra","India","owner2@crm.com","GOOD_LEAD_FOLLOW_UP","Status Remark: Interested, follow up next week","leads_on_demand","3 Months","Customer asked for brochure."
"2026-05-08 21:00:00","Aisha Khan","user60@example.com","+91","9879633713","Company-39","London","","UK","owner2@crm.com","GOOD_LEAD_FOLLOW_UP","Status Remark: Interested, follow up next week
Extra mobile: +44 7700671901","meridian_tower","","Customer asked for brochure."
"2026-05-09 00:00:00","Emma Brown","user61@example.com","+91","9879888960","Company-33","Mumbai","Maharashtra","India","owner6@crm.com","DID_NOT_CONNECT","Status Remark: Didn't answer after 3 calls","","Dec 2026","Customer asked for brochure."
"2026-05-09 03:00:00","Ananya Sen","user62@example.com","+91","9893541913","Company-18","Mumbai","Maharashtra","India","owner3@crm.com","BAD_LEAD","Status Remark: Budget issue","meridian_tower","Dec 2026","Customer asked for brochure."
"2026-05-09 06:00:00","Priya Nair","user63@example.com","+91","9830189373","Company-25","Kolkata","West Bengal","India","owner8@crm.com","SALE_DONE","Status Remark: Sale completed yesterday
Extra Email: second63@mail.com","meridian_tower","","Customer asked for brochure."
"2026-05-09 09:00:00","Aisha Khan","user64@example.com","+91","9832544843","Company-26","London","","UK","owner4@crm.com","GOOD_LEAD_FOLLOW_UP","Status Remark: Interested, follow up next week","","","Customer asked for brochure."
"2026-05-09 12:00:00","Aisha Khan","user65@example.com","","","Company-24","Mumbai","Maharashtra","India","owner2@crm.com","DID_NOT_CONNECT","Status Remark: Didn't answer after 3 calls","meridian_tower","Immediate","Customer asked for brochure."
"2026-05-09 15:00:00","José Alvarez","","+91","9890076807","Company-35","Kolkata","West Bengal","India","owner8@crm.com","DID_NOT_CONNECT","Status Remark: Didn't answer after 3 calls","leads_on_demand","Dec 2026","Customer asked for brochure."
"2026-05-09 18:00:00","Priya Nair","user67@example.com","+91","9850423347","Company-30","Mumbai","Maharashtra","India","owner5@crm.com","DID_NOT_CONNECT","Status Remark: Didn't answer after 3 calls","","Immediate","Customer asked for brochure."
"2026-05-09 21:00:00","Li Wei","user68@example.com","+91","9831848069","Company-33","Dubai","","UAE","owner7@crm.com","SALE_DONE","Status Remark: Sale completed yesterday
Alt Emails: alt68@mail.com","meridian_tower","Immediate","Customer asked for brochure."
"2026-05-10 00:00:00","Li Wei","user69@example.com","+91","9832932857","Company-28","Kolkata","West Bengal","India","owner2@crm.com","SALE_DONE","Status Remark: Sale completed yesterday","eden_park","3 Months","Customer asked for brochure."
"2026-05-10 03:00:00","Müller Klein","user70@example.com","+91","9895161832","Company-9","Bangalore","Karnataka","India","owner5@crm.com","SALE_DONE","Status Remark: Sale completed yesterday
Extra mobile: +44 7700214475","sarjapur_plots","6 Months","Customer asked for brochure."
"2026-05-10 06:00:00","Aisha Khan","user71@example.com","+91","9840087129","Company-6","Dubai","","UAE","owner3@crm.com","GOOD_LEAD_FOLLOW_UP","Status Remark: Interested, follow up next week","meridian_tower","","Customer asked for brochure."
"2026-05-10 09:00:00","Rahul Verma","user72@example.com","+91","9815786883","Company-3","Dubai","","UAE","owner7@crm.com","SALE_DONE","Status Remark: Sale completed yesterday
Extra Email: second72@mail.com","leads_on_demand","6 Months","Customer asked for brochure."
"2026-05-10 12:00:00","Ananya Sen","user73@example.com","+91","9875369995","Company-34","London","","UK","owner1@crm.com","DID_NOT_CONNECT","Status Remark: Didn't answer after 3 calls","","","Customer asked for brochure."
"2026-05-10 15:00:00","Li Wei","user74@example.com","+91","9823421013","Company-32","Mumbai","Maharashtra","India","owner1@crm.com","SALE_DONE","Status Remark: Sale completed yesterday","varah_swamy","Immediate","Customer asked for brochure."
"2026-05-10 18:00:00","Emma Brown","user75@example.com","+91","9888725737","Company-32","Dubai","","UAE","owner1@crm.com","SALE_DONE","Status Remark: Sale completed yesterday","","Dec 2026","Customer asked for brochure."
"2026-05-10 21:00:00","Müller Klein","user76@example.com","+91","9886181029","Company-33","London","","UK","owner7@crm.com","BAD_LEAD","Status Remark: Budget issue
Other Phones: +1 5559614728","varah_swamy","Immediate","Customer asked for brochure."
"2026-05-11 00:00:00","Sarah Johnson","","+91","9827586407","Company-18","Dubai","","UAE","owner6@crm.com","DID_NOT_CONNECT","Status Remark: Didn't answer after 3 calls","varah_swamy","6 Months","Customer asked for brochure."
"2026-05-11 03:00:00","Aisha Khan","user78@example.com","","","Company-14","Bangalore","Karnataka","India","owner7@crm.com","BAD_LEAD","Status Remark: Budget issue","leads_on_demand","Dec 2026","Customer asked for brochure."
"2026-05-11 06:00:00","Emma Brown","user79@example.com","+91","9835517214","Company-13","Bangalore","Karnataka","India","owner6@crm.com","DID_NOT_CONNECT","Status Remark: Didn't answer after 3 calls","","6 Months","Customer asked for brochure."
"2026-05-11 09:00:00","Li Wei","user80@example.com","+91","9870376443","Company-26","Kolkata","West Bengal","India","owner5@crm.com","BAD_LEAD","Status Remark: Budget issue
Extra mobile: +44 7700841506","","Dec 2026","Customer asked for brochure."
"2026-05-11 12:00:00","Müller Klein","user81@example.com","+91","9899929547","Company-4","Bangalore","Karnataka","India","owner5@crm.com","BAD_LEAD","Status Remark: Budget issue
Extra Email: second81@mail.com","varah_swamy","3 Months","Customer asked for brochure."
"2026-05-11 15:00:00","José Alvarez","user82@example.com","+91","9879094816","Company-12","Bangalore","Karnataka","India","owner6@crm.com","SALE_DONE","Status Remark: Sale completed yesterday","","Dec 2026","Customer asked for brochure."
"2026-05-11 18:00:00","Aisha Khan","user83@example.com","+91","9867309908","Company-20","Mumbai","Maharashtra","India","owner8@crm.com","SALE_DONE","Status Remark: Sale completed yesterday","","Dec 2026","Customer asked for brochure."
"2026-05-11 21:00:00","José Alvarez","user84@example.com","+91","9859241500","Company-32","Dubai","","UAE","owner1@crm.com","BAD_LEAD","Status Remark: Budget issue","eden_park","","Customer asked for brochure."
"2026-05-12 00:00:00","Aisha Khan","user85@example.com","+91","9822933899","Company-1","Mumbai","Maharashtra","India","owner1@crm.com","BAD_LEAD","Status Remark: Budget issue
Alt Emails: alt85@mail.com","leads_on_demand","6 Months","Customer asked for brochure."
"2026-05-12 03:00:00","Emma Brown","user86@example.com","+91","9873761217","Company-19","Bangalore","Karnataka","India","owner4@crm.com","SALE_DONE","Status Remark: Sale completed yesterday","varah_swamy","","Customer asked for brochure."
"2026-05-12 06:00:00","Müller Klein","user87@example.com","+91","9832493429","Company-27","London","","UK","owner7@crm.com","GOOD_LEAD_FOLLOW_UP","Status Remark: Interested, follow up next week","eden_park","Immediate","Customer asked for brochure."
"2026-05-12 09:00:00","Emma Brown","","+91","9886317627","Company-39","London","","UK","owner1@crm.com","GOOD_LEAD_FOLLOW_UP","Status Remark: Interested, follow up next week","meridian_tower","6 Months","Customer asked for brochure."
"2026-05-12 12:00:00","Rahul Verma","user89@example.com","+91","9839764816","Company-19","Mumbai","Maharashtra","India","owner6@crm.com","GOOD_LEAD_FOLLOW_UP","Status Remark: Interested, follow up next week","","6 Months","Customer asked for brochure."
"2026-05-12 15:00:00","Müller Klein","user90@example.com","+91","9873826937","Company-7","London","","UK","owner5@crm.com","GOOD_LEAD_FOLLOW_UP","Status Remark: Interested, follow up next week
Extra Email: second90@mail.com
Extra mobile: +44 7700880224","varah_swamy","3 Months","Customer asked for brochure."
"2026-05-12 18:00:00","Sarah Johnson","user91@example.com","","","Company-8","Mumbai","Maharashtra","India","owner1@crm.com","GOOD_LEAD_FOLLOW_UP","Status Remark: Interested, follow up next week","eden_park","Immediate","Customer asked for brochure."
"2026-05-12 21:00:00","Aisha Khan","user92@example.com","+91","9821160394","Company-2","London","","UK","owner7@crm.com","BAD_LEAD","Status Remark: Budget issue","varah_swamy","Immediate","Customer asked for brochure."
"2026-05-13 00:00:00","Li Wei","user93@example.com","+91","9819191170","Company-26","Mumbai","Maharashtra","India","owner7@crm.com","SALE_DONE","Status Remark: Sale completed yesterday","","","Customer asked for brochure."
"2026-05-13 03:00:00","Emma Brown","user94@example.com","+91","9825804578","Company-7","Dubai","","UAE","owner8@crm.com","DID_NOT_CONNECT","Status Remark: Didn't answer after 3 calls","sarjapur_plots","6 Months","Customer asked for brochure."
"2026-05-13 06:00:00","José Alvarez","user95@example.com","+91","9854263166","Company-24","Mumbai","Maharashtra","India","owner3@crm.com","DID_NOT_CONNECT","Status Remark: Didn't answer after 3 calls
Other Phones: +1 5553163525","meridian_tower","Immediate","Customer asked for brochure."
"2026-05-13 09:00:00","Ananya Sen","user96@example.com","+91","9860763927","Company-28","Mumbai","Maharashtra","India","owner7@crm.com","DID_NOT_CONNECT","Status Remark: Didn't answer after 3 calls","leads_on_demand","6 Months","Customer asked for brochure."
"2026-05-13 12:00:00","Ananya Sen","user97@example.com","+91","9878551550","Company-11","Kolkata","West Bengal","India","owner8@crm.com","BAD_LEAD","Status Remark: Budget issue","sarjapur_plots","6 Months","Customer asked for brochure."
"2026-05-13 15:00:00","José Alvarez","user98@example.com","+91","9834306854","Company-13","Bangalore","Karnataka","India","owner2@crm.com","DID_NOT_CONNECT","Status Remark: Didn't answer after 3 calls","eden_park","6 Months","Customer asked for brochure."
"2026-05-13 18:00:00","Müller Klein","","+91","9893974754","Company-1","Bangalore","Karnataka","India","owner6@crm.com","SALE_DONE","Status Remark: Sale completed yesterday
Extra Email: second99@mail.com","meridian_tower","3 Months","Customer asked for brochure."
"2026-05-13T21:00:00","Li Wei","user100@example.com","+91","9895058714","Company-29","London","","UK","owner2@crm.com","GOOD_LEAD_FOLLOW_UP","Status Remark: Interested, follow up next week
Extra Details: Customer asked for brochure. Extra mobile +44 7700315884","leads_on_demand","3 Months","Customer asked for brochure. Extra mobile +44 7700315884"
"2026-05-14T00:00:00","Li Wei","user101@example.com","+91","9893803101","Company-15","Dubai","","UAE","owner6@crm.com","BAD_LEAD","Status Remark: Budget issue
Extra Details: Customer asked for brochure.","sarjapur_plots","","Customer asked for brochure."
"2026-05-14T03:00:00","Sarah Johnson","user102@example.com","+91","9836971915","Company-3","Mumbai","Maharashtra","India","owner3@crm.com","SALE_DONE","Alt Emails: alt102@mail.com
Status Remark: Sale completed yesterday
Extra Details: Customer asked for brochure.","eden_park","6 Months","Customer asked for brochure."
"2026-05-14T06:00:00","Aisha Khan","user103@example.com","+91","9810508499","Company-5","Kolkata","West Bengal","India","owner2@crm.com","BAD_LEAD","Status Remark: Budget issue
Extra Details: Customer asked for brochure.","sarjapur_plots","6 Months","Customer asked for brochure."
"2026-05-14T09:00:00","José Alvarez","user104@example.com","","","Company-10","London","","UK","owner6@crm.com","SALE_DONE","Status Remark: Sale completed yesterday
Extra Details: Customer asked for brochure.","eden_park","","Customer asked for brochure."
"2026-05-14T12:00:00","José Alvarez","user105@example.com","+91","9822996103","Company-40","London","","UK","owner3@crm.com","BAD_LEAD","Status Remark: Budget issue
Extra Details: Customer asked for brochure.","varah_swamy","","Customer asked for brochure."
"2026-05-14T15:00:00","Ananya Sen","user106@example.com","+91","9830028737","Company-40","Kolkata","West Bengal","India","owner1@crm.com","SALE_DONE","Status Remark: Sale completed yesterday
Extra Details: Customer asked for brochure.","leads_on_demand","","Customer asked for brochure."
"2026-05-14T18:00:00","Sarah Johnson","user107@example.com","+91","9851505806","Company-9","Mumbai","Maharashtra","India","owner3@crm.com","DID_NOT_CONNECT","Status Remark: Didn't answer after 3 calls
Extra Details: Customer asked for brochure.","leads_on_demand","Dec 2026","Customer asked for brochure."
"2026-05-14T21:00:00","Aisha Khan","user108@example.com","+91","9812329581","Company-31","Kolkata","West Bengal","India","owner5@crm.com","DID_NOT_CONNECT","Status Remark: Didn't answer after 3 calls
Extra Details: Customer asked for brochure. Has another email second108@mail.com","eden_park","6 Months","Customer asked for brochure. Has another email second108@mail.com"
"2026-05-15T00:00:00","Rahul Verma","user109@example.com","+91","9871756358","Company-36","Mumbai","Maharashtra","India","owner1@crm.com","BAD_LEAD","Status Remark: Budget issue
Extra Details: Customer asked for brochure.","leads_on_demand","Immediate","Customer asked for brochure."
"2026-05-15T03:00:00","Aisha Khan","","+91","9865685302","Company-35","Dubai","","UAE","owner1@crm.com","BAD_LEAD","Status Remark: Budget issue
Extra Details: Customer asked for brochure. Extra mobile +44 7700942536","meridian_tower","3 Months","Customer asked for brochure. Extra mobile +44 7700942536"
"2026-05-15T06:00:00","Rahul Verma","user111@example.com","+91","9810629444","Company-1","Mumbai","Maharashtra","India","owner2@crm.com","DID_NOT_CONNECT","Status Remark: Didn't answer after 3 calls
Extra Details: Customer asked for brochure.","eden_park","6 Months","Customer asked for brochure."
"2026-05-15T09:00:00","Ananya Sen","user112@example.com","+91","9817658431","Company-34","London","","UK","owner6@crm.com","SALE_DONE","Status Remark: Sale completed yesterday
Extra Details: Customer asked for brochure.","varah_swamy","","Customer asked for brochure."
"2026-05-15T12:00:00","Emma Brown","user113@example.com","+91","9848516828","Company-35","London","","UK","owner6@crm.com","BAD_LEAD","Status Remark: Budget issue
Extra Details: Customer asked for brochure.","varah_swamy","3 Months","Customer asked for brochure."
"2026-05-15T15:00:00","José Alvarez","user114@example.com","+91","9857395933","Company-8","Dubai","","UAE","owner6@crm.com","SALE_DONE","Other Phones: +1 5551898972
Status Remark: Sale completed yesterday
Extra Details: Customer asked for brochure.","","","Customer asked for brochure."
"2026-05-15T18:00:00","Müller Klein","user115@example.com","+91","9865847392","Company-10","Mumbai","Maharashtra","India","owner2@crm.com","DID_NOT_CONNECT","Status Remark: Didn't answer after 3 calls
Extra Details: Customer asked for brochure.","varah_swamy","Immediate","Customer asked for brochure."
"2026-05-15T21:00:00","Li Wei","user116@example.com","+91","9859579628","Company-8","Mumbai","Maharashtra","India","owner2@crm.com","BAD_LEAD","Status Remark: Budget issue
Extra Details: Customer asked for brochure.","varah_swamy","6 Months","Customer asked for brochure."
"2026-05-16T00:00:00","Aisha Khan","user117@example.com","","","Company-11","Kolkata","West Bengal","India","owner8@crm.com","GOOD_LEAD_FOLLOW_UP","Status Remark: Interested, follow up next week
Extra Details: Customer asked for brochure. Has another email second117@mail.com","sarjapur_plots","","Customer asked for brochure. Has another email second117@mail.com"
"2026-05-16T03:00:00","Priya Nair","user118@example.com","+91","9890551876","Company-21","Bangalore","Karnataka","India","owner1@crm.com","SALE_DONE","Status Remark: Sale completed yesterday
Extra Details: Customer asked for brochure.","","Dec 2026","Customer asked for brochure."
"2026-05-16T06:00:00","Emma Brown","user119@example.com","+91","9819296264","Company-24","Kolkata","West Bengal","India","owner1@crm.com","GOOD_LEAD_FOLLOW_UP","Alt Emails: alt119@mail.com
Status Remark: Interested, follow up next week
Extra Details: Customer asked for brochure.","","Immediate","Customer asked for brochure."
"2026-05-16T09:00:00","Aisha Khan","user120@example.com","+91","9839277620","Company-30","London","","UK","owner6@crm.com","BAD_LEAD","Status Remark: Budget issue
Extra Details: Customer asked for brochure. Extra mobile +44 7700619492","varah_swamy","Dec 2026","Customer asked for brochure. Extra mobile +44 7700619492"
"2026-05-16T12:00:00","Emma Brown","","+91","9832504634","Company-35","Mumbai","Maharashtra","India","owner6@crm.com","SALE_DONE","Status Remark: Sale completed yesterday
Extra Details: Customer asked for brochure.","","Immediate","Customer asked for brochure."
"2026-05-16T15:00:00","John Doe","user122@example.com","+91","9865402009","Company-17","Bangalore","Karnataka","India","owner4@crm.com","GOOD_LEAD_FOLLOW_UP","Status Remark: Interested, follow up next week
Extra Details: Customer asked for brochure.","sarjapur_plots","3 Months","Customer asked for brochure."
"2026-05-16T18:00:00","Li Wei","user123@example.com","+91","9873632757","Company-36","London","","UK","owner6@crm.com","DID_NOT_CONNECT","Status Remark: Didn't answer after 3 calls
Extra Details: Customer asked for brochure.","","Immediate","Customer asked for brochure."
"2026-05-16T21:00:00","Li Wei","user124@example.com","+91","9890082964","Company-23","Dubai","","UAE","owner8@crm.com","SALE_DONE","Status Remark: Sale completed yesterday
Extra Details: Customer asked for brochure.","meridian_tower","","Customer asked for brochure."
"2026-05-17T00:00:00","Emma Brown","user125@example.com","+91","9847600794","Company-17","Kolkata","West Bengal","India","owner1@crm.com","DID_NOT_CONNECT","Status Remark: Didn't answer after 3 calls
Extra Details: Customer asked for brochure.","meridian_tower","","Customer asked for brochure."
"2026-05-17T03:00:00","Ananya Sen","user126@example.com","+91","9891629669","Company-15","London","","UK","owner8@crm.com","DID_NOT_CONNECT","Status Remark: Didn't answer after 3 calls
Extra Details: Customer asked for brochure. Has another email second126@mail.com","","6 Months","Customer asked for brochure. Has another email second126@mail.com"
"2026-05-17T06:00:00","Priya Nair","user127@example.com","+91","9882623946","Company-14","Kolkata","West Bengal","India","owner7@crm.com","DID_NOT_CONNECT","Status Remark: Didn't answer after 3 calls
Extra Details: Customer asked for brochure.","","Dec 2026","Customer asked for brochure."
"2026-05-17T09:00:00","Ananya Sen","user128@example.com","+91","9834067868","Company-23","London","","UK","owner1@crm.com","GOOD_LEAD_FOLLOW_UP","Status Remark: Interested, follow up next week
Extra Details: Customer asked for brochure.","meridian_tower","6 Months","Customer asked for brochure."
"2026-05-17T12:00:00","Emma Brown","user129@example.com","+91","9882983287","Company-34","Kolkata","West Bengal","India","owner7@crm.com","SALE_DONE","Status Remark: Sale completed yesterday
Extra Details: Customer asked for brochure.","meridian_tower","Immediate","Customer asked for brochure."
"2026-05-17T15:00:00","José Alvarez","user130@example.com","","","Company-19","London","","UK","owner4@crm.com","GOOD_LEAD_FOLLOW_UP","Status Remark: Interested, follow up next week
Extra Details: Customer asked for brochure. Extra mobile +44 7700610756","varah_swamy","","Customer asked for brochure. Extra mobile +44 7700610756"
"2026-05-17T18:00:00","Priya Nair","user131@example.com","+91","9851055756","Company-3","Bangalore","Karnataka","India","owner1@crm.com","SALE_DONE","Status Remark: Sale completed yesterday
Extra Details: Customer asked for brochure.","leads_on_demand","3 Months","Customer asked for brochure."
"2026-05-17T21:00:00","Li Wei","","+91","9878055565","Company-10","Mumbai","Maharashtra","India","owner5@crm.com","GOOD_LEAD_FOLLOW_UP","Status Remark: Interested, follow up next week
Extra Details: Customer asked for brochure.","sarjapur_plots","6 Months","Customer asked for brochure."
"2026-05-18T00:00:00","Müller Klein","user133@example.com","+91","9848344224","Company-14","Dubai","","UAE","owner2@crm.com","SALE_DONE","Other Phones: +1 5552392839
Status Remark: Sale completed yesterday
Extra Details: Customer asked for brochure.","eden_park","","Customer asked for brochure."
"2026-05-18T03:00:00","Li Wei","user134@example.com","+91","9875078094","Company-10","Kolkata","West Bengal","India","owner3@crm.com","DID_NOT_CONNECT","Status Remark: Didn't answer after 3 calls
Extra Details: Customer asked for brochure.","leads_on_demand","Dec 2026","Customer asked for brochure."
"2026-05-18T06:00:00","Rahul Verma","user135@example.com","+91","9840938730","Company-9","Mumbai","Maharashtra","India","owner7@crm.com","GOOD_LEAD_FOLLOW_UP","Status Remark: Interested, follow up next week
Extra Details: Customer asked for brochure. Has another email second135@mail.com","sarjapur_plots","6 Months","Customer asked for brochure. Has another email second135@mail.com"
"2026-05-18T09:00:00","Rahul Verma","user136@example.com","+91","9871227701","Company-23","Dubai","","UAE","owner6@crm.com","BAD_LEAD","Alt Emails: alt136@mail.com
Status Remark: Budget issue
Extra Details: Customer asked for brochure.","","Dec 2026","Customer asked for brochure."
"2026-05-18T12:00:00","Emma Brown","user137@example.com","+91","9832621991","Company-3","Mumbai","Maharashtra","India","owner6@crm.com","BAD_LEAD","Status Remark: Budget issue
Extra Details: Customer asked for brochure.","varah_swamy","Dec 2026","Customer asked for brochure."
"2026-05-18T15:00:00","Emma Brown","user138@example.com","+91","9877353968","Company-20","Kolkata","West Bengal","India","owner2@crm.com","GOOD_LEAD_FOLLOW_UP","Status Remark: Interested, follow up next week
Extra Details: Customer asked for brochure.","meridian_tower","Immediate","Customer asked for brochure."
"2026-05-18T18:00:00","Rahul Verma","user139@example.com","+91","9881647667","Company-17","Mumbai","Maharashtra","India","owner6@crm.com","BAD_LEAD","Status Remark: Budget issue
Extra Details: Customer asked for brochure.","varah_swamy","6 Months","Customer asked for brochure."
"2026-05-18T21:00:00","Aisha Khan","user140@example.com","+91","9825587042","Company-30","Kolkata","West Bengal","India","owner1@crm.com","DID_NOT_CONNECT","Status Remark: Didn't answer after 3 calls
Extra Details: Customer asked for brochure. Extra mobile +44 7700932724","leads_on_demand","","Customer asked for brochure. Extra mobile +44 7700932724"
"2026-05-19T00:00:00","Rahul Verma","user141@example.com","+91","9896555246","Company-8","Mumbai","Maharashtra","India","owner5@crm.com","SALE_DONE","Status Remark: Sale completed yesterday
Extra Details: Customer asked for brochure.","leads_on_demand","Dec 2026","Customer asked for brochure."
"2026-05-19T03:00:00","Müller Klein","user142@example.com","+91","9826106443","Company-20","Bangalore","Karnataka","India","owner8@crm.com","GOOD_LEAD_FOLLOW_UP","Status Remark: Interested, follow up next week
Extra Details: Customer asked for brochure.","varah_swamy","3 Months","Customer asked for brochure."
"2026-05-19T09:00:00","Emma Brown","user144@example.com","+91","9889124834","Company-7","Bangalore","Karnataka","India","owner6@crm.com","SALE_DONE","Status Remark: Sale completed yesterday
Extra Details: Customer asked for brochure. Has another email second144@mail.com","varah_swamy","","Customer asked for brochure. Has another email second144@mail.com"
"2026-05-19T12:00:00","Müller Klein","user145@example.com","+91","9887264153","Company-20","Bangalore","Karnataka","India","owner8@crm.com","GOOD_LEAD_FOLLOW_UP","Status Remark: Interested, follow up next week
Extra Details: Customer asked for brochure.","","","Customer asked for brochure."
"2026-05-19T15:00:00","Priya Nair","user146@example.com","+91","9854243773","Company-29","London","","UK","owner6@crm.com","SALE_DONE","Status Remark: Sale completed yesterday
Extra Details: Customer asked for brochure.","meridian_tower","","Customer asked for brochure."
"2026-05-19T18:00:00","John Doe","user147@example.com","+91","9891551789","Company-20","Kolkata","West Bengal","India","owner8@crm.com","BAD_LEAD","Status Remark: Budget issue
Extra Details: Customer asked for brochure.","leads_on_demand","","Customer asked for brochure."
"2026-05-19T21:00:00","Aisha Khan","user148@example.com","+91","9885699700","Company-11","London","","UK","owner7@crm.com","BAD_LEAD","Status Remark: Budget issue
Extra Details: Customer asked for brochure.","eden_park","","Customer asked for brochure."
"2026-05-20T00:00:00","John Doe","user149@example.com","+91","9820086788","Company-17","Dubai","","UAE","owner3@crm.com","DID_NOT_CONNECT","Status Remark: Didn't answer after 3 calls
Extra Details: Customer asked for brochure.","meridian_tower","Immediate","Customer asked for brochure."